id;name;popularity;contry;link
1;Stravenue Checking Account Corporate;83996;Cotton;transparent USB card
2;Auto Loan Account;58585;drive;primary
3;bus Clothing;39018;National European Monetary Unit (E.M.U.-6) New Hampshire;mint green
4;optical;14322;Up-sized deliver;executive
5;quantifying;88622;Fresh Engineer Croatia;Village middleware
6;Soap Metal;15955;Bacon bus Ergonomic Frozen Fish;Generic
7;Buckinghamshire;98491;Books target;transmitter
8;Belize;98095;Centralized;Security Compatible Accountability
9;Rubber Music;4255;quantify withdrawal;technologies e-markets deliverables
10;Botswana engage Avon;57259;platforms zero administration Visionary;Solutions synergize mobile
