id;date_created;name;img
1;2020-04-08;e-markets Borders;Ergonomic Fresh Bacon
2;2020-04-07;engage;strategy online
3;2020-04-08;Self-enabling Supervisor;XML Electronics RSS
4;2020-04-08;cross-media Incredible;Cheese
5;2020-04-08;Soap;hard drive
6;2020-04-08;Louisiana Gorgeous Metal Towels;quantifying SAS user-centric
7;2020-04-07;support;silver incubate
8;2020-04-08;Kansas Personal Loan Account;Rustic
9;2020-04-07;Generic;back up next generation payment
10;2020-04-07;Money Market Account;International
